signal_index,class_name,snr_db,start_sample,end_sample,f_low,f_high,tb_start,tb_end
0,8gfsk,9.9,3172,3924,-2083565.9482753063,-1771065.9482753063,198,244
1,4ask,46.4,1265,1971,-5000000.0,-3006153.400169175,79,122
2,16psk,21.5,1143,1774,3078907.5575771537,4999999.9995,71,109
